"Unidade Gestora";"Despesas Empenhadas";"Despesas Empenhadas no Exercício";"Despesas Liquidadas";"Despesas Pagas";"Despesas do Exercício Pagas"
"Total";11428106271;11428106271;10811458350,12;10631558282,46;10278962213,12
"   010101 - ASSEMBLEIA LEGISLATIVA DO ESTADO DO AMAPÁ";243018174,66;243018174,66;243018174,66;243862302,1;243018174,66
"   020101 - TRIBUNAL DE CONTAS DO ESTADO DO AMAPÁ";130346675,93;130346675,93;126594926,24;128752506,92;123578153,49
"   030101 - TRIBUNAL DE JUSTIÇA DO ESTADO DO AMAPÁ";578036889,53;578036889,53;571268178,1;597284882,65;570656855,8
"   030301 - FUNDO DE MANUTENÇÃO E REAPARELHAMENTO DA JUSTIÇA";16722915,52;16722915,52;14011865,09;16085671,92;13985494,69
"   030302 - FUNDO DE APOIO AOS JUIZADOS DA INFÂNCIA E DA JUVENTUDE";1869832,21;1869832,21;1638856,52;1695384,14;1638816,93
"   030303 - FUNDO DE ESTRUTURAÇÃO DO REGISTRO CIVIL";1475380,69;1475380,69;1383780,96;1383780,96;1383780,96
"   030304 - FUNDO DE SEGURANÇA DE MAGISTRADOS E SERVIDORES";162169,08;162169,08;0;0;0
"   040101 - MINISTÉRIO PÚBLICO ESTADO DO AMAPÁ";282479909,07;282479909,07;261314597,21;278427111,25;257874400,43
"   040301 - FUNDO ESPECIAL DE APOIO E DESENVOLVIMENTO DO MINISTÉRIO PÚBLICO";1083199,88;1083199,88;316381,88;814074,13;314995,88
"   040302 - FUNDO DE COMBATE A IMPROBIDADE ADMINISTRATIVA E A CORRUPÇÃO ";13,93;13,93;13,93;13,93;13,93
"   050101 - DEFENSORIA PÚBLICA DO ESTADO - DPE ";105407509,16;105407509,16;96496770,65;95045098,73;93097219,45
"   050301 - FUNDO ESPECIAL DA DEFENSORIA PÚBLICA DO ESTADO - FEDPAP";1175303,65;1175303,65;640397,56;698448,81;640397,56
"   060101 - GABINETE DO GOVERNADOR";9765693,87;9765693,87;9765693,87;10242050,35;9765693,87
"   070101 - PROCURADORIA GERAL DO ESTADO";6063176,55;6063176,55;5763216,66;5413223,59;5406064,72
"   080101 - SECRETARIA EXTRAORDINÁRIA DE REPRESENTAÇÃO DO GOVERNO DO ESTADO DO AMAPÁ EM BRASÍLI";5745816,44;5745816,44;3756130,87;2735562,24;2735562,24
"   090101 - SECRETARIA DE ESTADO DA COMUNICAÇÃO";52962112,83;52962112,83;46591671,64;46082316,54;46082316,54
"   090201 - RÁDIO DIFUSORA DE MACAPÁ";2265067,71;2265067,71;2226842,16;2111467,2;2111467,2
"   110101 - GABINETE DO VICE-GOVERNADOR";823133,46;823133,46;806070,66;806287,66;806070,66
"   130101 - SECRETARIA DE ESTADO DA ADMINISTRAÇÃO";1719853868,36;1719853868,36;1714641034,29;1465051775,28;1412464428,38
"   130103 - SISTEMA INTEGRADO DE ATENDIMENTO AO CIDADÃO";20502763,1;20502763,1;20470873,61;18674680,09;18591474,79
"   130203 - ESCOLA DE ADMINISTRAÇÃO PÚBLICA DO AMAPÁ";7374225,12;7374225,12;7290525,1;9874822,1;7274743,1
"   130204 - AMAPÁ PREVIDÊNCIA";27560101,19;27560101,19;27265353,17;29586470,23;27175754,71
"   130205 - AMAPA PREVIDÊNCIA PLANO FINANCEIRO";883473713,63;883473713,63;883105840,31;882185754,8;881966294,4
"   130206 - AMAPÁ PREVIDÊNCIA PLANO PREVIDENCIÁRIO";46847948,95;46847948,95;46847948,95;46778413,28;46778413,28
"   140101 - SECRETARIA DE ESTADO DA FAZENDA";760779423,38;760779423,38;738584823,42;736092435,43;728137069,15
"   140201 - JUNTA COMERCIAL DO AMAPÁ";1410132,19;1410132,19;1362602,37;1360980,46;1351602,37
"   140302 - FUNDO DE DESENVOLVIMENTO E APERFEIÇOAMENTO DA ADM TRIBUTARIA DA SEFAZ";2226718,14;2226718,14;2091994,53;2154994,53;2091994,53
"   150101 - SECRETARIA DE ESTADO DO PLANEJAMENTO";9159255,63;9159255,63;8876951,98;4610700,69;4371772,69
"   150201 - CENTRO DE GESTÃO DA TECNOLOGIA DA INFORMAÇÃO";16889211,99;16889211,99;15752827,34;18521865,65;15752827,34
"   150203 - INSTITUTO DE PESOS E MEDIDAS";3566666,67;3566666,67;3278107,55;3579279,82;3278107,55
"   150205 - AGÊNCIA DE DESENVOLVIMENTO ECONÔMICO DO AMAPÁ";4712881,48;4712881,48;4704480,09;5712013,26;4673863,59
"   160101 - CONTROLADORIA-GERAL DO ESTADO DO AMAPÁ";1376938,15;1376938,15;1301417,44;1133364,95;1131308,15
"   200101 - SECRETARIA DE ESTADO DA INFRAESTRUTURA";565936798,75;565936798,75;440781845,83;440766407,72;416988047,82
"   200201 - COMPANHIA DE ÁGUA E ESGOTO DO AMAPÁ";58407314,54;58407314,54;58394314,54;57549617,48;57549617,48
"   200204 - AGÊNCIA REGULADORA DE SERVIÇOS PÚBLICOS DELEGADOS DO ESTADO";1927644,64;1927644,64;1165493,92;1187325,63;1156720,59
"   210101 - SECRETARIA DE ESTADO DO TRANSPORTE";258626880,24;258626880,24;212202910,01;225383206,93;206444332,06
"   230101 - SECRETARIA DE ESTADO DO DESENVOLVIMENTO RURAL";19622431,95;19622431,95;16451161,83;14234334,58;14031760,23
"   230204 - AGÊNCIA DE DEFESA E INSPEÇÃO AGROPECUÁRIA";3418020,32;3418020,32;3145186,85;3162647,64;3018059,09
"   230206 - INSTITUTO DE EXTENSÃO, ASSISTÊNCIA E DESENVOLVIMENTO RURAL DO AMAPÁ-RURAP";14366666,17;14366666,17;14234784,41;13888475,05;13191682,89
"   230207 - INSTITUTO DE TERRAS DO ESTADO DO AMAPÁ - AMAPÁ TERRAS";3307489,22;3307489,22;3277754,26;3271962,05;2677140,62
"   230301 - FUNDO DE DESENVOLVIMENTO RURAL DO AMAPÁ";25043425,34;25043425,34;0;0;0
"   240101 - SECRETARIA DE ESTADO DO TRABALHO E EMPREENDEDORISMO";14756685,35;14756685,35;12358567,43;14075341,17;12219881,43
"   240303 - FUNDO DO TRABALHO DO ESTADO DO AMAPÁ - FET/AP";0;0;0;400000;0
"   250101 - SECRETARIA DE ESTADO DA CIÊNCIA E TECNOLOGIA";11785181,24;11785181,24;6525842,53;6376968,97;6366185,53
"   250201 - INSTITUTO DE PESQUISAS CIENTÍFICAS E TECNOLÓGICAS DO ESTADO DO AMAPÁ";6498039,51;6498039,51;5866381,2;5857846,08;5377185,19
"   250202 - UNIVERSIDADE DO ESTADO DO AMAPÁ";22252094,74;22252094,74;20093313,6;21566208,6;18988458,31
"   250203 - FUNDAÇÃO DE AMPARO À PESQUISA DO ESTADO DO AMAPÁ";8933481,43;8933481,43;8626046,12;8239535,52;8196348,12
"   260101 - SECRETARIA DE ESTADO DO MEIO AMBIENTE";3812405,14;3812405,14;3592351,33;3556351,33;3556351,33
"   260301 - FUNDO ESTADUAL DE RECURSOS PARA O MEIO AMBIENTE";11457,55;11457,55;11457,55;11457,55;11457,55
"   260302 - FUNDO ESTADUAL DE RECURSOS HÍDRICOS DO AMAPÁ";49459,85;49459,85;49459,85;49459,85;49459,85
"   270101 - SECRETARIA DE ESTADO DO TURISMO";108811839,99;108811839,99;105201030,37;103983493,27;103784745,47
"   280101 - SECRETARIA DE ESTADO DA EDUCAÇÃO";2310588075,76;2310588075,76;2153297646,47;2085953444,7;2049710372,28
"   290101 - SECRETARIA DE ESTADO DO DESPORTO E DO LAZER";43856205,11;43856205,11;40629773,39;41726225,19;39456911,99
"   290301 - FUNDO ESTADUAL DE DESENVOLVIMENTO DESPORTIVO DO ESTADO DO AMAPÁ";361286;361286;166096;166096;166096
"   300201 - INSTITUTO DE HEMATOLOGIA E HEMOTERAPIA DO AMAPÁ";13152805,13;13152805,13;12075281,22;10967900,86;10092878,88
"   300203 - SUPERINTENDENCIA DE VIGILÂNCIA EM SAÚDE DO ESTADO DO AMAPÁ";26049060,87;26049060,87;24837992,42;23407841,76;21537204,48
"   300204 - Centro de Reabilitação do Estado do Amapá";12834032,39;12834032,39;11486397,43;12773231,09;11228860,49
"   300205 - FUNDAÇÃO DE SAÚDE AMAPAENSE";0;0;0;68400;0
"   300301 - FUNDO ESTADUAL DE SAÚDE";2199406441,28;2199406441,28;2149700838,3;2213613434,23;2149699724,2
"   330101 - SECRETARIA DE ESTADO DA JUSTIÇA E SEGURANÇA PÚBLICA";22361406,8;22361406,8;21195836,33;23314257,85;21194727,12
"   330201 - INSTITUTO DE DEFESA DO CONSUMIDOR DO AMAPÁ";3029049,37;3029049,37;3029049,37;2963361,37;2963361,37
"   330202 - INSTITUTO DE ADMINISTRAÇÃO PENITENCIÁRIA DO ESTADO";53374188,97;53374188,97;51521538,26;51818512,67;51519911,34
"   330203 - DEPARTAMENTO ESTADUAL DE TRÂNSITO";64096146,03;64096146,03;58973829,19;62966504,4;58973829,19
"   330301 - FUNDO ESPECIAL DE REEQUIPAMENTO POLICIAL";347159,25;347159,25;0;1139441,56;0
"   330302 - FUNDO PENITENCIÁRIO DO ESTADO DO AMAPÁ";661417,61;661417,61;306777;21053731,16;306777
"   330303 - FUNDO ESTADUAL DE SEGURANÇA PÚBLICA - FUNSEP";79304300,84;79304300,84;39269088,82;63411146,31;39108968,82
"   340101 - POLÍCIA MILITAR DO ESTADO DO AMAPÁ";19721099,69;19721099,69;17994269,08;18121943,9;17994269,08
"   350101 - POLÍCIA CIVIL DO ESTADO DO AMAPÁ";9686580,72;9686580,72;8094142,97;9053836,14;8094142,97
"   360101 - CORPO DE BOMBEIROS MILITAR";36356342,46;36356342,46;31353877,39;31935843,51;30621965,44
"   360301 - FUNDO DE REEQUIPAMENTO DO CORPO DE BOMBEIROS";2454690,01;2454690,01;2017886,2;2420572,97;2017156,29
"   380101 - SECRETARIA DE ESTADO DA CULTURA";87933249,98;87933249,98;79346875,4;67197063,46;63565013,83
"   380301 - FUNDO ESTADUAL DE CULTURA";8219864;8219864;3027800;605400;605400
"   420101 - SECRETARIA DE ESTADO DO DESENVOLVIMENTO DAS CIDADES - SDC";86810492,83;86810492,83;73158820;74173423,06;69527497,2
"   430101 - SECRETARIA DE ESTADO DE POLÍTICAS PARA AS MULHERES";3888325,64;3888325,64;3010866,18;2830895,48;2830895,48
"   440101 - POLICIA CIENTIFICA DO ESTADO DO AMAPÁ";7228846,83;7228846,83;7228846,83;5566103,51;5414543,51
"   460101 - SECRETARIA DE ESTADO DE RELAÇÕES INTERNACIONAIS E COMÉRCIO EXTERIOR";552357,07;552357,07;496207,07;506756,55;496207,07
"   470101 - SECRETARIA DE ESTADO DA PESCA";4032517,3;4032517,3;4032517,3;4318138,9;4032517,3
"   480101 - SECRETARIA DE ESTADO DA MINERAÇÃO";1339834,82;1339834,82;1302890,71;1326091,3;1302890,71
"   490101 - SECRETARIA DE ESTADO DE GOVERNO E GESTÃO ESTRATÉGICA ";1783062,64;1783062,64;1004332,29;1087522,5;972412,29
"   500101 - SECRETARIA DE ESTADO DE MOBILIZAÇÃO E PARTICIPAÇÃO POPULAR";4458890,21;4458890,21;4288748,04;4313897,84;4168294,04
"   520101 - SECRETARIA DE ESTADO DA HABITAÇÃO";11229747,14;11229747,14;9208011,22;8747978,51;8747978,51
"   550101 - SECRETARIA DE ESTADO DE ASSISTENCIA SOCIAL";50984351,66;50984351,66;50889507,17;41042352,68;39136629,27
"   550201 - FUNDAÇÃO DA CRIANÇA E DO ADOLESCENTE ";18078058,93;18078058,93;17874569,91;17679223,65;17679223,65
"   550202 - FUNDAÇÃO ESTADUAL DE POLÍTICAS DE PROMOÇÃO DA IGUALDADE RACIAL DO AMAPÁ";34608321,4;34608321,4;23500248,4;20888073,4;20888073,4
"   550301 - FUNDO ESTADUAL DE ASSISTÊNCIA SOCIAL";103366299,54;103366299,54;101775070,2;96431490,36;95739092,68
"   560101 - SECRETARIA DE ESTADO DE COMPRAS E LICITAÇÕES DO AMAPÁ";1013507,16;1013507,16;1009326,23;1009326,23;1009326,23
"   570101 - SECRETARIA DE ESTADO DA CASA CIIVIL DO AMAPÁ";11466304,9;11466304,9;11176504,82;7842437,92;7618486,08
"   580202 - UNIVERSIDADE ESTADUAL DO AMAPÁ";0;0;0;0;0
"   590101 - SECRETARIA DE ESTADO DOS DIREITOS HUMANOS ";846056,56;846056,56;566192,84;143718,03;143718,03
"   600101 - SECRETARIA DE ESTADO DA JUVENTUDE";18545658,21;18545658,21;18192060,21;17381905,28;17381905,28
"   610101 - GABINETE DE SEGURANÇA INSTITUCIONAL";1376097,77;1376097,77;1272385,02;1272385,02;1272385,02
