codigo,descricao
0001,PAGAR ENCARGOS DA DIVIDA PÚBLICA INTERNA
0003,REALIZAR O PAGAMENTO DOS ENCARGOS COM SENTENÇAS JUDICIAIS/PRECATÓRIOS
0004,CONTRIBUIR COM RECURSOS FINANCEIROS PARA FORMAÇÃO DO PATRIMONIO DO SERVIDOR PÚBLICO / PASEP
0005,DISTRIBUIR RECURSOS FINANCEIROS DA ARRECADAÇÃO AOS MUNICÍPIOS
0006,SUBSCRIÇÃO DE AÇÕES DA AFAP
0007,SUBSCRIÇÃO DE AÇÕES DA COMPANHIA DE GÁS DO AMAPÁ
1003,"REALIZAR SERVIÇOS DE OBRAS, REFORMA, AMPLIAÇÃO E APARELHAMENTO DAS UNIDADES FÍSICAS DA DPE/AP."
1004,REALIZAR PESQUISA PARA O DESENVOLVIMENTO TECNOLÓGICO VOLTADOS AOS APLS LOCAIS
1005,REALIZAR PESQUISA PARA O DESENVOLVIMENTO CIENTÍFICO DO AMAPÁ
1006,REALIZAR DIAGNÓSTICO SOCIOECONÔMICO AMBIENTAIS
1007,REALIZAR PESQUISAS ARQUEOLÓGICAS
1008,REALIZAR O DIAGNÓSTICO DO POTENCIAL ECONÔMICO DOS MUNICÍPIOS AMAPAENSES - PDEIMA
1009,AQUISIÇÃO DA SEDE DA PROCURADORIA-GERAL DO ESTADO DO AMAPÁ
1010,IMPLEMENTAÇÃO DO PARQUE TECNOLÓGICO DA PGE/AP.
1015,IMPLANTAR O PROJETO SUPERFÁCIL DIGITAL
1016,APOIO AO SANEAMENTO RURAL NO ESTADO DO AMAPA
1018,ESTRUTURAÇÃO DA CAESA/IDEAS
1019,IMPLANTAR PROJETO DE O MODERNIZAÇÃO DA INFRAESTRUTURA FÍSICA DO PRODAP 
1020,CONSTRUÇÃO DE NÚCLEOS DE ATENDIMENTO SOCIOEDUCATIVO
1022,"MANUTENÇÃO, CONSTRUÇÃO, REFORMA E APARELHAMENTO DA JUSTIÇA"
1023,ELABORAR PROJETOS DE HUMANIZAÇÃO DO ATENDIMENTO AO CIDADÃO
1024,IMPLANTAR O PROJETO DE MODERNIZAÇÃO DA ÁREA DE SEGURANÇA DA INFORMAÇÃO DO PRODAP
1028,REALIZAR A ESTRUTURAÇÃO DO CENTRO DE DADOS DATACENTER 
1029,REFORMAR O PRÉDIO DA ALAP
1030,REALIZAR INICIATIVAS PARA A CAUSA ANIMAL
1034,CONSTRUÇÃO DE OBRA DE ARTE ESPECIAL (PONTE EM CONCRETO)
1035,REFORMA DE OBRAS DE ARTE (PONTE EM MADEIRA DE LEI)
1036,EXECUÇÃO DE DRENAGEM SUPERFICIAL EM VIAS URBANAS
1037,IMPLANTAÇÃO DE RODOVIAS ESTADUAIS
1038,CONSTRUÇÃO DE EQUIPAMENTOS PÚBLICOS (MOBILIÁRIO URBANO) EM RODOVIAS ESTADUAIS
1040,ACOMPANHAMENTO DE PROJETOS ESTRATÉGICOS DA SEPLAN
1041,CONSTRUÇÃO DE HABITAÇÕES POPULARES
1042,REAPARELHAR OS CENTROS DE ATENDIMENTO A MULHER 
1043,REFORMAR OS CENTROS DE ATENDIMENTO A MULHER 
1044,IMPLANTAR O PROJETO SEPM NAS ÁGUAS
1045,CONSTRUÇÃO DE PRÉDIOS DA ÁREA ADMINISTRATIVA ESTADUAL
1046,CONSTRUÇÃO DE RODOVIAS ESTADUAIS
1047,CONSTRUIR TERMINAIS HIDROVIÁRIOS
1048,IMPLANTAÇÃO DE SINALIZAÇÃO HORIZONTAL E VERTICAL EM RODOVIAS ESTADUAIS
1049,REALIZAR OBRAS DE MOBILIDADE URBANA
1051,AMPLIAR O PRÉDIO DA ALAP
1053,IMPLANTAR O SISTEMA QUILOMBOLA AMAPAENSE 
1059,ELABORA PROJETOS PARA A COOPERAÇÃO INTERNACIONAL
1060,"CONSTRUÇÃO, REFORMA, MANUTENÇÃO E APARELHAMENTO DE COMPLEXO PRISIONAL"
1061,REALIZAR OBRAS E AMPLIAR EDIFICAÇÕES
1062,"CONSTRUÇÃO, REFORMA, AMPLIAÇÃO E ADAPTAÇÕES NAS EDIFICAÇÕES DO MP-AP"
1063,COMBATER A IMPROBIDADE ADMINISTRATIVA E A CORRUPÇÃO
1064,REALIZAÇÃO DE CONCURSO PÚBLICO 
1065,REALIZAR CONCURSO PÚBLICO PARA O TCE
1066,REALIZARA MODERNIZAÇÃO DA GESTÃO FISCAL DO ESTADO DO AMAPÁ-PROFISCO II-AP
1067,ELABORAR PROJETOS PARA A COOPERAÇÃO INTERNACIONAL
1070,REALIZAR PESQUISA PARA O DESENVOLVIMENTO TECNOLÓGICO VOLTADOS AOS APLS LOCAIS
1071,REALIZAR PESQUISA PARA O DESENVOLVIMENTO CIENTÍFICO DO AMAPÁ
1072,REALIZAR DIAGNÓSTICO SOCIOECONÔMICO AMBIENTAIS
1073,REALIZAR PESQUISAS ARQUEOLÓGICAS
1074,EXECUTAR EMENDAS PARLAMENTARES PARA A ASSISTÊNCIA SOCIAL
1075,CONSTRUIR DE EQUIPAMENTO PÚBLICOS
1076,IMPLANTAR O PROJETO PATRIMÔNIO AMBIENTAL
1078,CONSTRUIR PRÉDIOS DA ÁREA DA SAÚDE PÚBLICA ESTADUAL.
1079,EXECUTAR OBRAS URBANAS E RURAIS DE ENERGIA ELÉTRICA - ENERGIA RENOVÁVEL E NÃO RENOVÁVEL.
1080,CONSTRUIR PRÉDIOS DA ÁREA ADMINISTRATIVA ESTADUAL.
1081,CONSTRUIR ESCOLAS DO ENSINO FUNDAMENTAL.
1082,CONSTRUIR ESCOLAS DO ENSINO MÉDIO NOS MUNICÍPIOS
1083,CONSTRUIR PRÉDIOS DA ÁREA DA SEGURANÇA PÚBLICA ESTADUAL
1084,CONSTRUIR HABITAÇÕES POPULARES
1087,APOIAR A GESTÃO MUNICIPAL COM RESÍDUOS SÓLIDOS
1088,REQUALIFICAÇÃO DE INFRAESTRUTURA VIÁRIA NO ESTADO DO AMAPÁ.
1089,IMPLANTAR NOS MUNICÍPIOS PROJETOS DE ENERGIA RENOVÁVEL
1090,"IMPLANTAR O PROJETO ""SOLUÇÕES ALTERNATIVAS DE FORNECIMENTO DE ÁGUA POTÁVEL PARA AS COMUNIDADES RURAIS, QUILOMBOLAS E ALDEIAS INDÍGENAS DO ESTADO DO AMAPÁ"""
1091,"OPERACIONALIZAR TRANSFERÊNCIAS DISCRICIONÁRIAS, ESPECIAIS E LEGAIS"
2000,APOIO À COMERCIALIZAÇÃO DO PESCADO 
2001,APOIO TÉCNICO CIENTÍFICO PESQUEIRA E AQUÍCOLA. 
2002,REALIZAR A EXTENSÃO PESQUEIRO E AQUÍCOLA 
2003,MANUTENÇÃO ADMINISTRATIVA - SEAD 
2004,PROMOÇÃO DA SEGURANÇA DAS PESSOAS
2005,APOIAR MUNICÍPIOS PARA O DESENVOLVIMENTO REGIONAL
2006,MANUTENÇÃO ADMINISTRATIVA - SEMA
2007,APOIAR INICIATIVAS DE TECNOLOGIA DA INFORMAÇÃO NA SEMA
2008,MONITORAMENTO GEOESPACIAL DO ESTADO DO AMAPÁ
2009,MANUTENÇÃO ADMINISTRATIVA - SEPESC 
2010,APOIO INDUSTRIAL PESQUEIRO E AQUÍCOLA 
2011,IMPLANTAR A POLÍTICA DE EXECUÇÃO DE RECURSOS HÍDRICOS DO ESTADO DO AMAPÁ
2012,APOIAR A REGULARIZAÇÃO AMBIENTAL DAS ATIVIDADES ECONÔMICAS DO ESTADO DO AMAPÁ
2013,REALIZAR A FISCALIZAÇÃO AMBIENTAL DO ESTADO DO AMAPÁ
2014,REALIZAR O MONITORAMENTO AMBIENTAL INTEGRADO DO ESTADO DO AMAPÁ
2015,APOIAR UNIDADES DE CONSERVAÇÃO E BIODIVERSIDADE DO ESTADO DO AMAPÁ
2016,ELABORAR NORMAS AMBIENTAIS PARA O ESTADO DO AMAPÁ
2017,EDUCAÇÃO NO PROCESSO DA GESTÃO AMBIENTAL E DIFUSÃO DAS INFORMAÇÕES
2018,ASSESSORAR OS ENTES MUNICIPAIS NAS QUESTÕES AMBIENTAIS
2019,APOIAR O MANEJO DA PRODUÇÃO FLORESTAL NO ESTADO DO AMAPÁ
2020,IMPLEMENTAR A POLÍTICA DE CLIMA E SERVIÇOS AMBIENTAIS
2021,GESTÃO E MANUTENÇÃO ADMINISTRATIVA DA DEFENSORIA PÚBLICA DO ESTADO DO AMAPÁ
2022,EXECUTAR A APLICAÇÃO DOS RECURSOS FINANCEIROS PROVENIENTES DO FUNDO ESTADUAL DE RECURSOS HÍDRICOS DO AMAPÁ - FERH
2023,MANUTENÇÃO ADMINISTRATIVA-IEPA
2024,ELABORAR PROJETOS ESTRATÉGICOS PARA A GESTÃO ESTADUAL
2025,REALIZAR INICIATIVAS PARA A GOVERNANÇA POLÍTICA INSTITUCIONAL
2026,MONITORAMENTO DAS AÇÕES DE GOVERNO
2027,APOIAR O DESENVOLVIMENTO DO SETOR MINERAL
2028,REALIZAR ASSISTÊNCIA TÉCNICA AO MINERADOR
2029,MANUTENÇÃO ADMINISTRATIVA- SEMIN
2030,MANUTENÇÃO ADMINISTRATIVA - JUCAP 
2031,MANUTENÇÃO ADMINISTRATIVO-SEINF
2032,MANUTENÇÃO ADMINISTRATIVA-AMAPÁ TERRAS
2033,MANUTENÇÃO ADMINISTRATIVA - SDR
2034,MANUTENÇÃO ADMINISTRATIVA DA SEDEL
2035,APOIAR AS INICIATIVAS DO PROGRAMA AMAPÁ MAIS PRODUTIVO
2036,APOIO AO PROJETO AMAPÁ CACAU
2037,REALIZAR COOPERAÇÃO TÉCNICA À AÇÕES DE CONHECIMENTOS VOLTADOS PARA O SETOR AGROPECUÁRIO
2038,REALIZAÇÃO DE EVENTOS AGROPECUARIOS NO ESTADO DO AMAPÁ
2039,APOIAR A COMERCIALIZAÇÃO DA PRODUÇÃO AGRÍCOLA FAMILIAR
2040,APOIAR A PECUÁRIA BOVINA E BUBALINA NO ESTADO DO AMAPÁ
2041,APOIAR O AGRONEGÓCIO NO ESTADO DO AMAPÁ 
2042,APOIAR ÀS DESPESAS DE FUNCIONAMENTO DO CONDIFRAP E DAS CÂMARAS TÉCNICAS
2043,REALIZAR O FINANCIAMENTO DA PRODUÇÃO AGRÍCOLA - CRÉDITO REEMBOLSÁVEL NO ESTADO DO AMAPÁ
2044,REALIZAR O FINANCIAMENTO DA INSTRUMENTALIZAÇÃO AGRÍCOLA - CRÉDITO NÃO REEMBOLSÁVEL NO ESTADO DO AMAPÁ
2046,MANUTENÇÃO ADMINISTRATIVA - SETUR
2047,APOIAR A POLÍTICA PARA O DESENVOLVIMENTO DO TURISMO NO AMAPÁ
2048,DIVULGAÇÃO DOS PRODUTOS TURÍSTICOS DO AMAPÁ
2049,MANUTENÇÃO DOS SERVIÇOS ADMINISTRATIVOS DO SISTEMA ESTADUAL DE ENSINO
2050,REGULAÇÃO DOS SERVIÇOS PÚBLICOS DELEGADOS NO ÂMBITO DO ESTADO DO AMAPÁ
2051,FORTALECIMENTO DAS INSTITUIÇÕES DE SEGURANÇA PÚBLICA E DEFESA SOCIAL- FISPDS
2052,REALIZAR O FOMENTO DAS ATIVIDADES TURÍSTICAS NO ESTADO DO AMAPÁ
2053,MANUTENÇÃO DOS SERVIÇOS ADMINISTRATIVOS DA ARSAP
2054,REMUNERAÇÃO E ENCARGOS DOS PROFISSIONAIS DA EDUCAÇÃO INFANTIL E SERVIDORES ADMINISTRATIVOS.
2055,APOIO AOS CONSELHOS ESTADUAIS (CEE/CPVPEB/CACSF/CAE)
2056,GESTÃO DE PESSOAL DE APOIO TERCEIRIZADO VINCULADO AO SISTEMA ESTADUAL DE ENSINO
2059,MANUTENÇÃO ADMINISTRATIVA - RURAP
2060,REALIZAR O GEORREFERENCIAMENTO TERRITORIAL DO AMAPÁ 
2061,APOIAR A PRODUÇÃO PECUÁRIA SUSTENTÉVEL
2062,REALIZAR A REGULARIZAÇÃO FUNDIÁRIA DO ESTADO DO AMAPÁ
2063,REGULARIZAÇÃO DE ASSENTAMENTOS E QUILOMBOLAS NO ESTADO DO AMAPÁ 
2064,"REMUNERAÇÃO, PAGAMENTO DE BENEFÍCIOS E ENCARGOS SOCIAIS AOS MEMBROS E SERVIDORES, ALÉM DO PAGAMENTO DA BOLSA E AUXÍLIO AOS ESTAGIÁRIOS DA DPE-AP."
2065,TRANSFERÊNCIA DE TERRAS PÚBLICAS DA UNIÃO AO ESTADO DO AMAPÁ
2066, REALIZAR O ORDENAMENTO FUNDIÁRIO DO ESTADO DO AMAPÁ 
2067,GESTÃO DA ESTRATÉGIA ORGANIZACIONAL DA DEFENSORIA PÚBLICA DO ESTADO DO AMAPÁ - DPE/AP.
2069,REALIZAR O REAPARELHAMENTO DA DPE-AP - FEDPAP
2070,IMPLANTAR INICIATIVAS DE CAPACITAÇÃO E EDUCAÇÃO EM DIREITOS ATRAVÉS DA ESUDPE.
2071,APOIAR EMPREENDEDORES NO ESTADO DO AMAPÁ 
2072,DIVULGAÇÃO DE PESQUISAS CIENTÍFICAS AMBIENTAIS DO IEPA
2073,APOIAR INICIATIVAS DE PRODUÇÃO ASSOCIATIVAS ECONÔMICAS SOLIDÁRIAS 
2075,ATRAIR INVESTIMENTOS E EMPRESAS PARA O ESTADO DO AMAPÁ
2077,DESENVOLVER A CAPACIDADE TÉCNICA E OPERACIONAL DOS SERVIDORES
2078,APOIAR A COMERCIALIZAÇÃO PARA INCENTIVAR A GERAÇÃO DE NEGÓCIOS 
2079,APOIAR A COMERCIALIZAÇÃO DA PRODUÇÃO ARTESANAL AMAPAENSE 
2080,MANUTENÇÃO ADMINISTRATIVA - AGÊNCIA AMAPÁ
2081,REALIZAR A CERTIFICAÇÃO DE PRODUTOS DE EMPRESAS DE ORIGEM AMAPAENSE ? SELO AMAPÁ
2082,APOIAR INICIATIVAS EMPRESARIAIS DE REAPROVEITAMENTO DE RESÍDUOS SÓLIDOS DE FORMA SUSTENTÁVEL
2083,APOIO A PRODUÇÃO AGRÍCOLA SUTENTÁVEL
2084,MANUTENÇÃO DA SETE E SUAS UNIDADES DE APOIO
2085,ORIENTAR PEQUENOS NEGÓCIOS AMAPAENSES
2086,CONSERVAÇÃO DE RODOVIAS ESTADUAIS EXECUTADAS POR ADMINISTRAÇÃO DIRETA
2087,APOIO A GESTÃO FLORESTAL SUSTENTÁVEL
2088,CAPACITAÇÃO DOS SERVIDORES DA PGE/AP.
2089,APOIAR A ELABORAÇÃO DE PROJETOS DE CRÉDITO RURAL
2090,ASSESSORAR EM ASSUNTOS JURÍDICOS O PODER EXECUTIVO
2091,APOIO A PROGRAMAS E PROJETOS GOVERNAMENTAIS
2092,"APOIO AS AÇÕES DO PROGRAMA NACIONAL DE ""ALIMENTAÇÃO ESCOLAR - PNAE/MEC/FNDE "
2093,"APOIO AS AÇÕES DO PROGRAMA NACIONAL ""TRANSPORTE ESCOLAR""- MEC/FNDE "
2094,IMPLEMENTAÇÃO DOS PROJETOS FINANCIADOS COM RECURSOS CONTEMPLADOS NO PLANO DE AÇÕES ARTICULADAS PAR / AP MEC/ FNDE
2095,ESTABELECER DE PARCERIAS COM OUTROS ÓRGÃOS FEDERAIS PARA A MELHORIA DO DESENVOLVIMENTO DO ENSINO 
2096,IMPLEMENTAÇÃO DE PROJETOS VINCULADOS AO ENSINO MÉDIO PARCIAL E EM TEMPO INTEGRAL.
2097,IMPLEMENTAÇÃO DE PROJETOS VINCULADOS AO ENSINO PROFISSIONAL.
2098,"APOIAR AS AÇÕES DO PROGRAMA NACIONAL ""TRANSPORTE ESCOLAR""- MEC/FNDE"
2099,EXECUÇÃO DE OBRAS URBANA E RURAL DE ENERGIA ELÉTRICA - ENERGIA RENOVÁVEL E NÃO RENOVÁVEL.
2100,MANUTENÇÃO DE SERVIÇOS ADMINISTRATIVOS ? PGE/AP.
2102,CONSTRUÇÃO DE PRÉDIOS DA ÁREA DA SAÚDE PÚBLICA ESTADUAL.
2103,CONSTRUÇÃO DE PRÉDIOS DA ÁREA ADMINISTRATIVA ESTADUAL.
2104,CONSTRUÇÃO DE ESCOLAS DO ENSINO FUNDAMENTAL.
2105,CONSTRUÇÃO DE ESCOLAS DO ENSINO MÉDIO NOS MUNICÍPIOS
2106,IMPLEMENTAR PROJETOS VINCULADOS AO ENSINO MÉDIO PARCIAL E EM TEMPO INTEGRAL.
2107,MANUTENÇÃO ADMINISTRATIVA - TJAP
2109,ATENDIMENTO NAS UNIDADES DA CAPITAL
2115,CAPACITAR TRABALHADOES PARA INSERÇÃO/REINSERÇÃO NO MERCADO DE TRABALHO 
2118,REALIZAR A INTERMEDIAÇÃO DE MÃO DE OBRA PARA O MERCADO DE TRABALHO FORMAL
2119,APOIAR EMPRESAS QUE ATUAM NA ÁREA DE ENERGIA SOLAR NO ESTADO DO AMAPÁ
2120,IMPLANTAR UNIDADES DE PRODUÇÃO DE HIDROGÊNIO VERDE
2121,APOIAR PROJETOS EMPRESARIAIS DE BIOENERGIA NO ESTADO DO AMAPÁ
2122,PESQUISAR A VIABILIDADE DE IMPLANTAÇÃO DE ENERGIA EÓLICA NO AMAPÁ
2124,SUBSCRIÇÃO DE AÇÕES DA COMPANHIA DE GÁS DO AMAPÁ
2134,REALIZAR O APRIMORAMENTO DOS SERVIÇOS DE REGISTRO EMPRESARIAL
2141,APOIO A AÇÕES DE COOPERAÇÃO FINANCEIRA PARA CONTRAPARTIDA AOS MUNICÍPIOS
2142,"REMUNERAÇÃO DOS SERVIDORES DO GEA (EXCETO SAÚDE, EDUCAÇÃO E SEGURANÇA PÚBLICA)"
2144,REALIZAR ATENDIMENTOS DE EXCELÊNCIA NOS SERVIÇOS DAS UNIDADES DO SUPERFÁCIL
2146,DIFUSÃO DOS DIREITOS AMBIENTAIS E FUNDIÁRIOS.
2147,REALIZAR INICIATIVAS PARA A PRESERVAÇÃO DO PATRIMÔNIO PÚBLICO
2148,MANUTENÇÃO ADMINISTRATIVA - CGE
2149,REALIZAR INICIATIVAS PARA A EDUCAÇÃO FISCAL 
2150, MANUTENÇÃO DE SISTEMAS DE TRANSPARÊNCIA DOS DADOS FINANCEIROS E EDUCACIONAIS.
2151,GERENCIAMENTO ADMINISTRATIVO - EIXO INFRAESTRUTUTA
2153,"APOIAR PROJETO DE CIÊNCIA, TECNOLOGIA E INOVAÇÃO"
2154,"REALIZAR A POPULARIZAÇÃO DA CIÊNCIA, TECNOLOGIA E INOVAÇÃO"
2155,REALIZAR CAPACITAÇÃO EM CIÊNCIA E INOVAÇÃO
2156,APOIAR A INFRAESTRUTURA CIENTÍFICA 
2158,APOIAR A MELHORIA DA INFRAESTRUTURA PARA O SANEAMENTO BÁSICO
2159,MANUTENÇÃO ADMINISTRATIVA - SETEC
2160,APOIAR O CONSELHO ESTADUAL DAS CIDADES - CONCIDADES
2162,RESSARCIMENTO DE DESPESAS COM PESSOAL A DISPOSIÇÃO DA ADMINISTRAÇÃO ESTADUAL
2163,APOIO DA MELHORIA DA INFRAESTRUTURA DOS EQUIPAMENTOS URBANOS
2164,REALIZAR A IDENTIFICAÇÃO DOS IMÓVEIS DO ESTADO
2166,REMUNERAR SERVIDORES (AS) DA SEGURANÇA PUBLICA DO ESTADO DO AMAPÁ
2172,MANUTENÇÃO DOS SERVIÇOS ADMINISTRATIVOS - CAESA/IDEAS
2173,APOIAR A COOPERAÇÃO FINANCEIRA PARA CONTRAPARTIDAS AOS MUNICÍPIOS
2175,MANUTENÇÃO DAS DESPESAS COM FARDAMENTO
2176,MANUTENÇÃO DAS DESPESAS COM AJUDA DE CUSTO E OUTROS BENEFÍCIOS ASSISTENCIAIS
2177,MANUTENÇÃO DAS DESPESAS INDENIZATÓRIAS
2178,MANUTENÇÃO DOS SERVIÇOS ADMINISTRATIVOS - RDM
2179,ENCARGOS PREVIDENCIARIOS DA ADMINISTRAÇÃO GERAL
2180,PAGAR ENCARGOS PREVIDENCIARIOS JUNTO AO INSS
2181,MANUTENÇÃO DAS DESPESAS COM AUXÍLIO ALIMENTAÇÃO
2183,MANUTENÇÃO DE CONTRATOS CORPORATIVOS DA ADMINISTRAÇÃO ESTADUAL
2184,PUBLICAR EDIÇÕES DO DIÁRIO OFICIAL DO ESTADO DO AMAPÁ
2185,REMUNERAÇÃO E ENCARGOS - SERVIDORES DA CAESA
2186,OPERACIONALIZAÇÃO DA CAESA/IDEAS
2187,REALIZAR A CONSOLIDAÇÃO DO SISTEMA DE INFORMÁTICA 
2188,MANUTENÇÃO ADMINISTRATIVA - PRODAP
2189,IMPLANTAÇÃO DA REDESIM
2190,REALIZAR A MODERNIZAÇÃO DA INFRAESTRUTURA TECNOLÓGICA
2191,CAPACITAÇÃO DE RECURSOS HUMANOS DO PRODAP
2192,IMPLANTAR O PROCESSO DA QUALIDADE NO PRODAP
2193,REALIZAR O CADASTRAMENTO DO SETOR MINERAL
2194,MANUTENÇÃO DE SERVIÇOS ADMINISTRAVOS ? SECULT 
2195,REALIZAR A REFORMA DOS NÚCLEOS DE ATENDIMENTO DA FCRIA
2196,REALIZAR A CELEBRAÇÃO DE CONVÊNIOS COM CONTRAPARTIDAS 
2197,REALIZAÇÃO DE INICIATIVAS SÓCIO EDUCATIVAS À CRIANÇA E AO ADOLESCENTE
2198,MANUTENÇÃO ADMINISTRATIVA - FCRIA
2199,MANUTENÇÃO PREDIAL DAS UNIDADES ESCOLARES DO ENSINO FUNDAMENTAL. 
2200,APARELHAMENTO DAS UNIDADES ESCOLARES DO ENSINO FUNDAMENTAL 
2201,MANUTENÇÃO PREDIAL DAS UNIDADES ESCOLARES DO ENSINO MÉDIO PARCIAL E DE TEMPO INTEGRAL
2202,PROMOVER OS PROJETOS E PRODUÇÕES/EVENTOS DA CULTURA POPULAR/TRADICIONAIS DO ESTADO DO AMAPÁ.
2203,REALIZAR A ESTRUTURAÇÃO DA REDE DE DADOS
2204,IMPLANTAR O PROJETO RÁDIO ESCOLA
2205,OBRIGAÇÕES ESTATUTÁRIAS COM SEGURADOS E BENEFICIÁRIOS MILITARES DO PLANO FINANCEIRO.
2206,PAGAR OBRIGAÇÕES ESTATUTÁRIAS COM SEGURADOS E BENEFICIÁRIOS MILITARES DO PLANO PREVIDENCIÁRIO.
2207,REALIZAR INICIATIVAS DE ASSISTÊNCIA EDUCACIONAL AO ESTUDANTE
2208,APARELHAMENTO DAS UNIDADES ESCOLARES DO ENSINO MÉDIO PARCIAL E DE TEMPO INTEGRAL.
2209,MANUTENÇÃO PREDIAL DOS CENTROS DE EDUCAÇÃO PROFISSIONAL.
2210,APARELHAMENTO DOS CENTROS DE EDUCAÇÃO PROFISSIONAL
2211,MANUTENÇÃO DAS ATIVIDADES PEDAGÓGICAS DO ENSINO FUNDAMENTAL.
2212,IMPLEMENTAR O PROJETO QUALIDADE DE VIDA PARA OS SERVIDORES DO SUPER FÁCIL
2213,OPERACIONALIZAÇÃO DA GESTÃO DEMOCRÁTICA
2214,REMUNERAÇÃO E ENCARGOS DOS PROFISSIONAIS DO ENSINO FUNDAMENTAL
2215,IMPLEMENTAÇÃO DE PROJETOS EDUCACIONAIS.
2216,IMPLEMENTAÇÃO DE PROJETOS EM PARCERIA COM ÓRGÃOS LOCAIS.
2217,FORNECIMENTO DE TRANSPORTE ESCOLAR PARA ALUNOS DA ZONA RURAL DO ENSINO FUNDAMENTAL 
2218,MANUTENÇÃO DAS ATIVIDADES PEDAGÓGICAS DAS ESCOLAS DA EDUCAÇÃO ESPECIAL 
2219,MANUTENÇÃO DAS ATIVIDADES PEDAGÓGICAS DAS ESCOLAS DA EDUCAÇÃO INFANTIL (INDÍGENA) 
2220,MANUTENÇÃO DAS ATIVIDADES PEDAGÓGICAS DAS ESCOLAS DE EDUCAÇÃO DE JOVENS E ADULTOS 
2221,REMUNERAÇÃO E ENCARGOS DOS PROFISSIONAIS DA EDUCAÇÃO DE JOVENS E ADULTOS 
2222,MANUTENÇÃO DAS ATIVIDADES PEDAGÓGICAS DAS ESCOLAS DE ENSINO MÉDIO PARCIAL E DE TEMPO INTEGRAL.
2223,REMUNERAÇÃO E ENCARGOS DOS PROFISSIONAIS DO ENSINO MÉDIO 
2224,FORNECIMENTO DE TRANSPORTE ESCOLAR PARA ALUNOS DA ZONA RURAL DO ENSINO MÉDIO 
2225,MANUTENÇÃO DAS ATIVIDADES PEDAGÓGICAS DOS CENTROS DE EDUCAÇÃO PROFISSIONAL 
2226,REMUNERAÇÃO E ENCARGOS DOS PROFISSIONAIS DE EDUCAÇÃO PROFISSIONAL 
2227,CAPACITAR PROFISSIONAIS DO ENSINO FUNDAMENTAL 
2228,"MANUTENÇÃO DO PROGRAMA COLABORA AMAPÁ EDUCAÇÃO, ATRAVÉS DO REGIME DE COLABORAÇÃO COM OS MUNICÍPIOS DO ESTADO DO AMAPÁ"
2229,CAPACITAR PROFISSIONAIS DO ENSINO MÉDIO 
2230,OFERTAR ACESSO DE QUALIDADE NA CONECTIVIDADE NO AMAPÁ
2232,REALIZAR A INFORMATIZAÇÃO DE PROCESSOS ADMINISTRATIVOS E DE SERVIÇOS PÚBLICOS DIGITAIS
2233,MANUTENÇÃO ADMINISTRATIVA ? SEHAB
2234,MANUTENÇÃO ADMINISTRATIVA DA SETRAP
2235,OPERACIONALIZAÇÃO DO SISTEMA PRISIONAL
2236,REALIZAR A AQUISIÇÃO DE EQUIPAMENTOS E MATERIAIS PERMANENTES AO IAPEN
2237,REALIZAR A AQUISIÇÃO DE ARMAMENTOS AO IAPEN
2238,REALIZAR A AQUISIÇÃO DE VEÍCULOS AO IAPEN
2239,APOIAR A PRÁTICA DO ESPORTE PARA TODA VIDA DE JOVENS E ADULTOS
2240,IMPLEMENTAR POLÍTICAS NACIONAIS DE ALTERNATIVAS PENAIS
2241,MANUTENÇÃO DE SERVIÇOS ADMINISTRATIVOS DO IAPEN
2242,REALIZAR A FORMAÇÃO ESPORTIVA PARA CRIANÇAS E ADOLESCENTES.
2243,REALIZAR PARCERIAS PARA O DESENVOLVIMETO DA EXCELÊNCIA ESPORTIVA
2244,"OPERACIONALIZAÇÃO DE TRANSFERÊNCIAS DISCRICIONÁRIAS, ESPECIAIS E LEGAIS "
2245,APOIAR O DESENVOLVIMENTO PESSOAL DOS (AS) SERVIORES (AS) DA CAESA
2246,REGULARIZAR OS IMÓVEIS DO GOVERNO DO ESTADO DO AMAPÁ
2247,APOIAR INICIATIVAS DE DESPORTO NO FEDAP
2249,OPERACIONALIZAÇÃO DO FUNPAP ESTADUAL
2250,REALIZAR O APERFEIÇOAMENTO DAS UNIDADES PRISIONAIS
2251,REALIZAR O APERFEIÇOAMENTO DAS ATIVIDADES PRISIONAIS
2252,REALIZAR A AQUISIÇÃO DE ARMAMENTOS POR MEIO DO FUNPAP
2253,REALIZAR A AQUISIÇÃO DE VEÍCULOS PARA O FUNPAP
2254,REALIZAR A AQUISIÇÃO DE EQUIPAMENTOS E MATERIAIS PERMANENTES PARA O FUNPAP
2255,REALIZAR AÇÕES INTEGRADAS DE SEGURANÇA PÚBLICA VISANDO A REDUÇÃO DAS MORTES VIOLENTAS INTENCIONAIS
2256, FISCALIZAÇÃO EM INSTITUIÇÕES E EDUCAÇÃO PARA O CONSUMIDOR
2258,CAPACITAÇÃO DE SERVIDOR
2259,MANUTENÇÃO DE SERVIÇOS ADMINISTRATIVOS DO PROCON
2260,MANUTENÇÃO ADMINISTRATIVA - DIAGRO
2261,REALIZAR A FISCALIZAÇÃO DE ESTABELECIMENTOS PARA A DEFESA VEGETAL
2262,"APOIAR CONSELHOS, PROGRAMAS E AÇÕES SOCIAIS VINCULADAS À SEJUSP "
2263,REALIZAR INSPEÇÃO DE ESTABELECIMENTOS DE PRODUTOS DE ORIGEM AGROPECUÁRIA
2264,REALIZAR O MONITORAMENTO DO TRÂNSITO AGROPECUÁRIO
2265,REALIZAR A PREVENÇÃO DA DEFESA SANITÁRIA ANIMAL
2266,REALIZAR O CADASTRO DE PRODUTOS AGROPECUÁRIOS AFINS
2267,REALIZAR INICIATIVAS DE EDUCAÇÃO SANITÁRIA
2268,REALIZAR O CONTROLE DA VACINAÇÃO DE FEBRE AFTOSA NOS REBANHOS AMAPAENSES
2269,REALIZAR ARTICULAÇÃO INTERINSTITUCIONAL
2270,REALIZAR ATENDIMENTOS AGROPECUÁRIOS
2271,REALIZAR INICIATIVAS PARA O REGISTROS DE ESTABELECIMENTOS AGROPECUÁRIOS
2272,CAPACITAR SERVIDORES (AS) DA DIAGRO
2273,REALIZAR A INTEGRAÇÃO DAS UNIDADES DE INTELIGÊNCIA DA SEJUSP 
2274,ATIVIDADES ADMINISTRATIVAS DA SEJUSP
2275,REALIZAR AÇÕES VOLTADAS PARA A MELHORIA DA QUALIDADE DE VIDA DOS PROFISSIONAIS DA SEGURANÇA PÚBLICA
2276,REALIZAR FISCALIZAÇÃO PARA A SEGURANÇA NO TRÂNSITO 
2277,ATIVIDADES ADMINISTRATIVAS DA POLÍCIA MILITAR
2278,OPERACIONALIZAÇÃO DA POLÍCIA CIVIL
2279,MANUTENÇÃO DOS SERVIÇOS ADMINISTRATIVOS - DGPC
2280,REALIZAR INICIATIVAS DE PREVENÇÃO À CRIMINALIDADE
2281,GERENCIAMENTO DO FUNRESPOL
2282,OPERACIONALIZAÇÃO DA POLÍCIA MILITAR
2283,REALIZAR A MODERNIZAÇÃO DA POLÍCIA MILITAR DO AMAPÁ
2284,REALIZAR O PAGAMENTO DE DESPESAS INDENIZATÓRIAS
2285,PROMOÇÃO DE ATIVIDADES SOCIAIS
2288,MANUTENÇÃO ADMINISTRATIVA ? DETRAN/AP
2289,REMUNERAÇÃO E ENCARGOS DOS SERVIDORES - DETRAN/AP
2290, APOIO A GESTÃO DE CONDOMÍNIO
2291,MANUTENÇÃO DE SERVIÇOS ADMINISTRATIVOS
2292,APOIAR INICIATIVAS PARA O FOMENTO DA CIÊNCIA
2293,APOIAR O FOMENTO A INOVAÇÃO EMPREENDEDORA
2295,REALIZAR A POPULARIZAÇÃO DA CIÊNCIA
2296,REALIZAR A ATUALIZAÇÃO CADASTRAL NO PROGRAMA RENDA PRA VIVER MELHOR
2297,ATENDER COMUNIDADES NA AÇÃO DO PROGRAMA LUZ PARA VIVER MELHOR NA MODALIDADE ÓLEO DIESEL
2298,"REALIZAR O PAGAMENTO DA CONTA DE ENERGIA ELÉTRICA NA AÇÃO LUZ PARA VIVER MELHOR ""CONTA LUZ PAGA"""
2299,"REALIZAR O PAGAMENTO NA AÇÃO ""CONTA DE ÁGUA PAGA"
2301,REALIZAR O PAGAMENTO DO PASSE LIVRE ESTUDANTIL
2302," REALIZAR ATENDIMENTO NA AÇÃO ""CICLO DE EMPODERAMENTO FAMILIAR"""
2303,REALIZAR O PAGAMENTO DO PASSE LIVRE ESTUDANTIL
2304,MANUTENÇÃO DE SERVIÇOS ADMINISTRATIVOS - SEPLAN
2308,CAPACITAR PARA OPORTUNIZAR A GERAÇÃO DE EMPREGO E RENDA 
2310,REALIZAR O APRIMORAMENTO NO ATENDIMENTO AOS (AS) USUÁRIOS (AS)
2311,IMPLANTAR PROJETOS ESPECIAIS DE GESTÃO E INOVAÇÃO TECNOLÓGICA
2312,MANUTENÇÃO DE ATIVIDADES DE SEGURANÇA PESSOAL E INSTITUCIONAL - GSI/GABGOV
2313,MANUTENÇAO DE SERVIÇOS ADMINISTRATIVOS - GABGOV
2314,EXECUÇÃO DA AGENDA OFICIAL DO GABGOV
2315,ELABORAÇÃO PROJETOS DE INFRAESTRUTURA EM LOGÍSTICA DE TRANSPORTE COM MOBILIDADE URBANA 
2316,EQUIPAR A SECBEA
2318,REALIZAR CONVÊNIOS COM CLÍNICAS VETERINÁRIAS
2320,REFORMA DE OBRA DE ARTE ESPECIAL
2322,MANUTENÇÃO DE SERVIÇOS ADMINISTRATIVOS DO CBMAP
2323,OPERACIONALIZAÇÃO DO CBM AP 
2324,REALIZAR ATENDIMENTOS NO SEAT ITINERANTE
2325,REALIZAR PREVENÇÃO CONTRA SINISTROS 
2326,PROMOVER EVENTOS PARA SERVIDORES (AS) TRANSPOSTOS (AS)
2327,CAPACITAR SERVIDORES(AS) E MAGISTRADOS(AS) NA ESCOLA JUDICIAL DO AMAPÁ
2328,MANUTENÇÃO ADMINISTRATIVA - APOIO TJAP.
2329,"MANUTENÇÃO PARA IMPLEMENTAÇÃO DAS ATIVIDADES PEDAGÓGICAS DO ENSINO FUNDAMENTAL, EDUCAÇÃO INDÍGENA, QUILOMBOLA E AFRO DESCENDENTE."
2330,REALIZAR INICIATIVAS DE COMUNICAÇÃO SOCIAL
2331,REMUNERAÇÃO DO SETOR DE SAÚDE ? FES
2332,CAPTAÇÃO DE RECURSOS PARA O DESENVOLVIMENTO DO ESTADO DO AMAPÁ
2333,MANUTENÇÃO ADMNISTRATIVA - FES/SESA
2334,MANUTENÇÃO ADMINISTRATIVA - FES/HEMOAP
2335,MANUTENÇÃO ADMINISTRATIVA - FES/SVS
2336,MANUTENÇÃO ADMINISTRATIVA - FES/CREAP
2337,MANUTENÇÃO ADMINISTRATIVA - FES/FUNDESA
2338,MANUTENÇÃO E REAPARELHAMENTO DA JUSTIÇA
2339,MONITORAMENTO DE CONFORMIDADE DE OBRIGAÇÕES PARA CAPTAÇÃO DE RECURSOS
2340,PROMOVER OS PROJETOS DE AQUISÇÃO DE MÁQUINAS E EQUIPAMENTOS DOS SEGMENTOS DA CULTURA POPULAR/TRADICIONAIS E DO SEGMENTOS DA CULTURA CRIATIVA DO ESTADO DO AMAPÁ.
2341,MONITORAR AÇÕES DE ERRADICAÇÃO DO TRABALHO INFANTIL ? AEPETI 
2342,MONITORAR A AÇÃO DO PROGRAMA PRIMEIRA INFÂNCIA-SUAS/ CRIANÇA FELIZ
2343,APOIO À INSTÂNCIAS COLEGIADAS DO SUAS
2344,PROMOVER OS PROJETOS E PRODUÇÕES/EVENTOS DA CULTURA CRIATIVA DO ESTADO DO AMAPÁ.
2345,APOIAR A REDE SÓCIO ASSISTENCIAL - SUAS 
2346,REALIZAR INICIATIVAS PERMANENTES NOS MUNICÍPIOS VOLTADAS AO TRABALHO E EDUCAÇÃO DO SUAS 
2348,APOIAR INICIATIVAS SOCIAIS NOS CONJUNTOS HABITACIONAIS
2349,"PROMOVER A REQUALIFICAÇÃO DA INFRAESTRUTURA DO PATRIMONIO HISTÓRICO, ARTÍSTICO E CULTURAL DO ESTADO DO AMAPÁ."
2350,GESTÃO DA TECNOLOGIA DA INFORMAÇÃO E COMUNICAÇÃO
2351,REALIZAR INICIATIVAS NOS MUNICÍPIOS VOLTADOS PARA VIGILÂNCIA SÓCIO ASSISTENCIAL 
2352,OBRIGAÇÕES PREVIDENCIÁRIAS COM SEGURADOS E BENEFICIÁRIOS MILITARES DO PLANO PREVIDENCIÁRIO.
2354,INVESTIMENTO EM INFRAESTRUTURA FÍSICA E TECNOLÓGICA 
2355,OPERACIONALIZAÇÃO - DETRAN/AP
2356,PLANEJAMENTO E REGIONALIZAÇÃO DA SAÚDE
2357,GESTÃO DO TRABALHO E EDUCAÇÃO EM SAÚDE
2358,REALIZAR FISCALIZAÇÃO PARA A SEGURANÇA NO TRÂNSITO
2359,ASSISTÊNCIA FARMACÊUTICA ESPECIALIZADA 
2360,AÇÕES ESTRATÉGICAS E PARTICIPATIVAS
2361,OPERACIONALIZAÇÃO TÉCNICO-ADMINISTRATIVA DO MP-AP
2362,REALIZAR INICIATIVAS PARA A EDUCAÇÃO NO TRÂNSITO
2363,AÇÕES ESTRATÉGICAS EM SAÚDE
2364,MODERNIZAÇÃO DA GESTÃO DA SAÚDE
2365,REALIZAR A SINALIZAÇÃO HORIZONTAL
2366,REALIZAR A SINALIZAÇÃO VERTICAL
2367,OPERACIONALIZAÇÃO DOS SERVIÇOS DA POLITEC
2368,MANUTENÇÃO ADMINISTRATIVA - SECL
2369,APOIAR O SISTEMA TECNOLÓGICO INSTITUCIONAL
2370,REALIZAR O MONITORAMENTO MUNICIPAL VOLTADO PARA A PROTEÇÃO SOCIAL BÁSICA
2371,REALIZAR O MONITORAMENTO MUNICIPAL VOLTADO PARA A PROTEÇÃO SOCIAL ESPECIAL DE MÉDIA E ALTA COMPLEXIDADE
2372,REALIZAR O MONITORAMENTO DOS BENEFÍCIOS EVENTUAIS NOS MUNICÍPIOS
2373,APERFEIÇOAR O SIAFE/GEA
2374,CONSOLIDAÇÃO DOS INSTRUMENTOS DE PLANEJAMENTO DO GOVERNO DO ESTADO DO AMAPÁ
2375,MANUTENÇÃO E IMPLEMENTAÇÃO DOS SERVIÇOS ADMINISTRATIVOS DO SISTEMA ESTADUAL DE ENSINO
2376,APOIAR AS INICIATIVAS DO CONSÓRCIO INTERESTADUAL DA AMAZÔNIA LEGAL
2377,REALIZAR A ASSISTÊNCIA EM HEMATOLOGICA
2378,PROMOVER OS PROJETOS E PRODUÇÕES/EVENTOS DA CULTURA POPULAR/TRADICIONAIS E DO SEGMENTO DA CULTURA CRIATIVA DO ESTADO DO AMAPÁ.
2379,OPERACIONALIZAÇÃO DE AERONAVES DO GEA
2380,REALIZAR O MONITORAMENTO DE OBRAS DE INFRAESTRUTURA DE TRANSPORTE 
2381,PAGAR ENCARGOS COM PENSÃO ESPECIAL AOS EX-INTEGRANTES DA EXTINTA GUARDA TERRITORIAL-ESTADO DO AMAPÁ
2382,OBRIGAÇÕES PREVIDENCIÁRIAS COM SEGURADOS E BENEFICIÁRIOS MILITARES DO PLANO FINANCEIRO.
2383,MANTER AS ATIVIDADES DA TECNOLOGIA DA INFORMAÇÃO E COMUNICAÇÃO
2384,OBRIGAÇÕES PREVIDENCIÁRIAS COM SEGURADOS E BENEFICIÁRIOS CIVIS DO PLANO FINANCEIRO.
2385,REALIZAR A MELHORIA NOS SISTEMAS DE INFORMAÇÃO DO GEA
2386,OBRIGAÇÕES PREVIDENCIÁRIAS COM SEGURADOS E BENEFICIÁRIOS CIVIS DO PLANO PREVIDENCIÁRIO.
2387,RESERVA RPPS DO PLANO FINANCEIRO
2388,"REMUNERAÇÃO E ENCARGOS DOS SERVIDORES DO GEA (EXCETO SAÚDE, EDUCAÇÃO E SEGURANÇA PÚBLICA)"
2390,APOIAR A INFRAESTRUTURA FÍSICA E TECNOLÓGICA
2391,MANUTENÇÃO ADMINISTRATIVA- AMPREV
2392,MANUTENÇÃO ADMINISTRATIVA - SEAS
2393,"OPERACIONALIZAÇÃO DE TRANSFERÊNCIAS DISCRICIONÁRIAS, ESPECIAIS E LEGAIS"
2394,"REALIZAR A QUALIFICAÇÃO DE PESSOAS NA AÇÃO ""COZINHA COMUNITÁRIA"""
2395,"REALIZAR A QUALIFICAÇÃO NA AÇÃO ""EDUCAÇÃO ALIMENTAR E NUTRICIONAL"""
2396,REABILITAR PESSOAS DE FORMA MULTIDISCIPLINAR
2397,REALIZAR O CADASTRAMENTO DE PRODUTORES EM RESTAURANTES /UNIDADES SOCIAIS PRODUTORAS DE REFEIÇÕES - USPR'S. 
2398,REALIZAR O ATENDIMENTO DE FAMÍLIAS POR MEIO DA AQUISIÇÃO DE ALIMENTOS DA AGRICULTURA FAMILIAR 
2399,"CUSTEAR A AQUISIÇÃO DE RECARGAS DE GÁS ÀS FAMÍLIAS DE BAIXA RENDA NA AÇÃO ""VALE GÁS SOCIAL"""
2400,EXECUTAR INICIATIVAS NA AÇÃO KIT NUTRICIONAL À PRIMEIRA INFÂNCIA
2402,MANUTENÇÃO DE SERVIÇOS ADMINISTRATIVOS - HEMOAP
2403,"REALIZAR INICIATIVAS NA AÇÃO ""AMAPÁ JOVEM"""
2404,APOIAR EVENTOS PARA A INCLUSÃO DA POPULAÇÃO INDÍGENA - SEPI
2405,MANUTENÇÃO ADMINISTRATIVA - SECOM
2406,MANUTENÇÃO ADMINISTRATIVA - SVS
2407,APOIO À PROJETOS SOCIAIS DO CBM/AP
2409,FISCALIZAÇÃO DE SERVIÇOS PÚBLICOS (CONCESSÕES)
2410,MANUTENÇÃO ADMINISTRATIVA - IPEM
2411,CAPACITAR RECURSOS HUMANOS DO IPEM
2412,REALIZAR FISCALIZAÇÕES DE PRODUTOS E INSTRUMENTOS REGULAMENTADOS
2413,IMPLEMENTAÇÃO DA POLÍTICA NACIONAL DE ALTERNATIVAS PENAIS VISANDO A ATENÇÃO DAS PESSOAS EGRESSAS DO SISTEMA PRISIONAL
2414,EXECUTAR OBRAS DE INFRAESTRUTURA DE TRANSPORTE COM PAVIMENTAÇÃO ASFÁLTICA EM VIAS URBANAS - EXECUÇÃO DIRETA
2415,REALIZAÇÃO DE CONSERVAÇÃO DA MALHA VIÁRIA ESTADUAL - EXECUÇÃO DIRETA
2419,REALIZAR INICIATIVAS NA REDE DE ATENDIMENTO A MULHER AMAPAENSE
2420,"REALIZAR ATENDIMENTO NA AÇÃO ""SECRETARIA DA MULHER ITINERANTE"""
2421,MANUTENÇÃO ADMINISTRATIVA - SEJUV
2422,"REALIZAR INICIATIVAS NA AÇÃO ""AVIVA JOVEM"""
2423,"REALIZAR ATENDIMENTOS NA AÇÃO ""CONEXÃO JOVEM"""
2424,MANUTENÇAO ADMINISTRATIVA - SEPM
2425,MANUTENÇÃO ADMINISTRATIVA DA SECRICOMEX
2426,APOIAR O COMÉRCIO EXTERIOR 
2427,APOIAR OS SERVIDORES DA ÁREA DE PLANEJAMENTO DO GEA PARA O DESEMPENHO DE COMPETÊNCIAS E HABILIDADES
2428,ATRAIR EMPRESAS INTERNACIONAIS PARA INVESTIMENTOS LOCAL
2429,MANUTENÇÃO ADMINISTRATIVA - VICE/GOV
2430,REALIZAR PROCEDIMENTOS LABORATORIAIS EM VIGILÂNCIA EM SAÚDE
2431,REALIZAR EVENTOS DE PROMOÇÃO DA DIPLOMACIA FEDERATIVA
2433,VIGILÂNCIA EM SAÚDE DO TRABALHADOR
2434,REALIZAR INICIATIVAS DE PREVENÇÃO EM VIGILÂNCIA EPIDEMIOLÓGICA
2435,REALIZAR A PREVENÇÃO EM VIGILÂNCIA SANITÁRIA
2436,REALIZAR INICIATIVAS EM VIGILÂNCIA AMBIENTAL
2437,COORDENAÇÃO DAS AÇÕES DE IMUNIZAÇÃO
2438,REALIZAR ATENDIMENTOS NA DEFESA DOS DIREITOS E INTERESSES DA SOCIEDADE
2440, REALIZAR O MONITORAMENTO MUNICIPAL DA GESTÃO DO SUAS
2441, REALIZAR O APRIMORAMENTO DA GESTÃO DO SUAS
2442,REALIZAR INICIATIVAS DE PROTEÇÃO SOCIAL ESPECIAL DE MÉDIA E ALTA COMPLEXIDADE MUNICIPAL
2443,IMPLANTAÇÃO DE METODOLOGIAS E DESENVOLVIMENTO DE SISTEMAS COMPATÍVEIS COM A ÁREA DE GESTÃO.
2444,FISCALIZAÇÃO E CONTROLE DA ARRECADAÇÃO E DAS APLICAÇÕES DOS RECURSOS PÚBLICOS
2445,TREINAMENTO E CAPACITAÇÃO DE RECURSOS HUMANOS
2446,"MODERNIZAÇÃO, MANUTENÇÃO E FUNCIONAMENTO DO TCE/AP E DO PRÉDIO ANEXO"
2447,HOSPITAL DA CRIANÇA E DO ADOLESCENTE - HCA
2448,HOSPITAL ESTADUAL DE SANTANA - HES
2449,HOSPITAL ESTADUAL DE OIAPOQUE - HEO
2450,HOSPITAL ESTADUAL DE LARANJAL DO JARI - HELJ
2451,HOSPITAL REGIONAL DE PORTO GRANDE - HERPG
2452,"PROMOVER A REQUALIFICAÇÃO DA IFRAESTRUTURA DO PATRIMONIO HISTÓRICO, ARTÍSTICO E CULTURAL DO ESTADO DO AMAPÁ."
2453,UNIDADES MISTAS DE SAÚDE - UMS
2454,SERVIÇO DE URGÊNCIA E EMERGÊNCIA
2455,MANUTENÇÃO DOS AMBULATÓRIOS DE ESPECIALIDADES
2456,MANUTENÇAO DE SERVIÇOS ADMINISTRATIVOS - FUNDAÇÃO MARABAIXO
2458,APOIAR A CAPACITAÇÃO DAS COMUNIDADES AFRODESECENDENTES 
2459,IMPLANTAR PROJETOS DE PROTEÇÃO AOS SEGMENTOS AFRODESCENDENTES DO AMAPÁ 
2460,APOIAR EVENTOS DA DIVERSIDADE AMAPAENSE 
2472,MANUTENÇÃO ADMINISTRATIVA - ALAP
2473,APOIAR A PROJETOS VOLTADOS À CIDADANIA
2474,REALIZAR A PUBLICIDADE INSTITUCIONAL DA ALAP
2500,OPERACIONALIZAÇÃO E REEQUIPAMENTO DO CBMAP
2504,MANUTENÇÃO DOS SERVIÇOS ADMINISTRATIVOS DO CBMAP
2513,REALIZAR A MANUTENÇÃO E ROTINAS ADMINISTRATIVAS
2514,CAPACITAR DOS AGENTES PÚBLICOS
2515,REALIZAR CURSOS DE PÓS-GRADUAÇÃO PARA SERVIDORES (AS) ESTADUIAIS
2516,REALIZAR INICIATIVAS PARA A OPORTUNIZAÇÃO DE ESTÁGIO REMUNERADO
2517,APOIAR A DIVULGAR DO CONHECIMENTO CIENTÍFICO DO SERVIDOR
2518,REALIZAR CONSULTORIAS EXTERNAS
2519,CAPACITAÇÃO DE BOMBEIROS MILITARES EM PROCESSO DE QUALIFICAÇÃO E REQUALIFICAÇÃO
2520,MANUTENÇAO ADMINISTRATIVA-SEAB
2521,MANUTENÇÃO ADMINISTRATIVA DA SEMPP
2522,REALIZAR A EDUCAÇÃO PREVIDENCIÁRIA - EDUCAPREV
2523,REALIZAR A GESTÃO DE PROCESSOS E DE PESSOAS
2524,FORTALECIMENTO DA PARTICIPAÇÃO POPULAR E ORGANIZAÇÃO DA SOCIEDADE CIVIL
2525,MANTER A ATUAÇÃO DO LEGISLATIVO
2526,MANUTENÇÃO DOS SERVIÇOS ADMINISTRATIVOS DA POLICIA CIENTIFICA
2527,IMPLEMENTAR AÇÕES DE GESTÃO DE PESSOAS E QUALIDADE DE VIDA
2528,IMPLEMENTAR SERVIÇOS DIGITAIS 
2530, OPERACIONALIZAÇÃO TÉCNICO ADMINISTRATIVO
2531,REALIZAR A GESTÃO INTEGRADA DA POLÍTICA DE COMUNICAÇÃO SOCIAL DO GOVERNO DO AMAPÁ
2532,REALIZAR O ACOMPANHAMENTO DA AVALIAÇÃO DA OPINIÃO PÚBLICA SOBRE A GESTÃO DE GOVERNO
2533,INTEGRAR A POLÍTICA DE MÍDIAS SOCIAIS DE COMUNICAÇÃO DO GOVERNO DO ESTADO DO AMAPÁ.
2534,APOIAR AÇÕES DE GOVERNO
2535,REALIZAR EVENTOS DE ACOMPANHAMENTO DO PPA
2537,REALIZAR AUDITORIA GOVERNAMENTAL
2538,REALIZAR INICIATIVAS DE CORREIÇÃO ADMINISTRATIVA
2539,REALIZAR OUVIDORIA PARA A TRANSPARÊNCIA SOCIAL
2540,REALIZAR A CAPACITAÇÃO CONTINUADA PARA OS SERVIDORES DA CGE
2541,REALIZAR ATIVIDADE INVESTIGATIVA PARA O COMBATE À CORRUPÇÃO
2542,REALIZAR MELHORIA NA INFRAESTRUTURA DE TECNOLOGIA DA INFORMAÇÃO DA CGE
2543,REALIZAR ATENDIMENTO AOS CONTRIBUINTES
2544,REALIZAR A FISCALIZAÇÃO VISANDO MELHORAR A ARRECADAÇÃO TRIBUTÁRIA
2545,REALIZAR INICIATIVAS POR MEIO DO FUNDAT PARA A MODERNIZAÇÃO TRIBUTÁRIA
2546,REFORMAR A LEGISLAÇÃO TRIBUTÁRIA
2547,MANUTENÇAO DE SERVIÇOS ADMINISTRATIVOS - SEFAZ
2548,REALIZAR ATENDIMENTO OPERACIONAL TÉCNICO-ADMINISTRATIVO
2549,REALIZAR ATENDIMENTO DE EXCELÊNCIA PARA A QUALIDADE DE VIDA
2550,REALIZAR ATENDIMENTO DE EXCELÊNCIA PARA A TRANSFORMAÇÃO DIGITAL
2552,REALIZAR O CONTROLE DOS GASTOS PÚBLICOS
2554,APOIO ÀS POLÍTICAS PÚBLICAS PARA JUVENTUDE E CIDADANIA
2555,MANUTENÇÃO ADMINISTRATIVA - SIAC
2558,REALIZAR PROCEDIMENTO LICITATÓRIO DAS COMPRAS DA ADMINISTRAÇÃO PÚBLICA DIRETA E INDIRETA DO GOVERNO.
2559,APOIO AOS PROGRAMAS DE PROTEÇÃO A VÍTIMAS E TESTEMUNHAS AMEAÇADAS DE MORTE 
2569,REALIZAR APOIO NAS AÇÕES PARA INCLUSÃO E INTEGRAÇÃO DA PESSOA COM DEFICIÊNCIA
2570,REALIZAR AÇÕES PARA A POPULAÇÃO LGBTQIAPN+.
2572,REALIZAR ATENDIMENTO HUMANIZADO À CRIANÇAS E ADOLESCENTES
2573,APOIO AO CONSELHO DE IGUALDADE RACIAL
2575,MANUTENÇÃO ADMINISTRATIVA - SEAT
2576,REALIZAR ATENDIMENTO A PESSOA IDOSA DO ESTADO DO AMAPÁ
2578,FORTALECIMENTO DAS AÇÕES DE PREVENÇÃO E COMBATE A INCÊNDIOS FLORESTAIS 
2579,MANUTENÇÃO ADMINISTRATIVA - CASA CIVIL
2581,MANUTENÇÃO ADMINISTRATIVA - SIMS
2586,MANUTENÇÃO ADMINISTRATIVA - ESAP
2590,REALIZAR A MODERNIZAÇÃO DA UEAP
2595,MANUTENÇÃO ADMINISTRATIVA-SETEC
2596, OFERTAR ENSINO A DISTÂNCIA (EAD) DA UEAP
2597,REALIZAR A DIFUSÃO DO CONHECIMENTO CIENTÍFICO
2598,APOIO A MELHORIA DA INFRAESTRUTURA PARA O SANEAMENTO BÁSICO
2599,MANUTENÇÃO ADMINISTRATIVA-IEPA
2601,MANUTENÇÃO ADMINISTRATIVA-UEAP
2603,MANUTENÇÃO ADMINISTRATIVA - PC
2604,MANUTENÇÃO ADMINISTRATIVA - PCA
2605,MANUTENÇÃO ADMINISTRATIVA - AMAPÁ INTERNACIONAL
2607,MANUTENÇÃO ADMINISTRATIVA - SEPAC
2608,MANUTENÇÃO ADMINISTRATIVA - SEJUV
2609,MANUTENÇÃO ADMINISTRATIVA - SECCOMPRAS
2610,IMPLANTAR A EXTENSÃO UNIVERSITÁRIA DA UEAP
2611,MANUTENÇÃO ADMINISTRATIVA - FSA
2613,APOIO AOS SEGMENTOS ARTÍSTICOS E CULTURAIS DO ESTADO DO AMAPÁ
2615,MANUTENÇÃO DE SERVIÇOS ADMINISTRAVOS - SECULT
2617,REALIZAR ASSISTÊNCIA EM HEMOTERAPIA
2619,MANUTENÇÃO ADMINISTRATIVA - SEDIH
2623,MANUTENÇÃO ADMINISTRATIVA - FAPEAP
2624,ASSISTÊNCIA FARMACÊUTICA
2627,MANUTENÇÃO DE ATIVIDADES DE SEGURANÇA PESSOAL E INSTITUCIONAL - GSI
2629,REMUNERAÇÃO E ENCARGOS DO SETOR DE SAÚDE - FES
2632,"REALIZAR INICIATIVAS NA AÇÃO ""AMAPÁ JOVEM"""
2634,REALIZAR EVENTOS DE PROMOÇÃO DA DIPLOMACIA FEDERATIVA
2636,BLOCOS DE FINANCIAMENTO DOS SERVIÇOS
2638,APOIAR O FOMENTO A INOVAÇÃO EMPREENDEDORA
2650,"REALIZAR INICIATIVAS NA AÇÃO ""AVIVA JOVEM"""
2652,"REALIZAR ATENDIMENTOS NA AÇÃO ""CONEXÃO JOVEM"""
2655,APOIAR A DIVULGAÇÃO DO CONHECIMENTO CIENTÍFICO DO SERVIDOR
2656,MANUTENÇÃO ADMINISTRATIVA - UEAP
2664,REALIZAR CONSULTORIAS EXTERNAS
2665,CAPACITAÇÃO DE AGENTES PÚBLICOS
2666,REALIZAR CURSOS DE PÓS-GRADUAÇÃO PARA SERVIDORES (AS) ESTADUIAIS
2669,REGULAR SERVIÇOS PÚBLICOS DELEGADOS NO ÂMBITO DO ESTADO DO AMAPÁ
2678,REALIZAR A CONSOLIDAÇÃO DO PLANO NACIONAL DE FORMAÇÃO DE PROFESSORES DA EDUCAÇÃO BÁSICA - PARFOR
2679,"PAGAMENTO DE SALÁRIOS E ENCARGOS DE PESSOAL CIVIL, EMPREGADOS E OUTROS DA UEAP"
2681,OPERACIONALIZAR A POLÍCIA CIVIL
2683,REALIZAR A CELEBRAÇÃO DE CONVÊNIOS COM CONTRAPARTIDAS
2684,REALIZAR ATENDIMENTO SOCIOEDUCATIVO AO ADOLESCENTE
2686,REALIZAR INICIATIVAS DE PREVENÇÃO À CRIMINALIDADE
2687,REALIZAR APOIO NAS AÇÕES PARA INCLUSÃO E INTEGRAÇÃO DA PESSOA COM DEFICIÊNCIA
2689,REALIZAR AÇÕES PARA A POPULAÇÃO LGBTQIAPN+.
2690,APOIAR INICIATIVAS PARA O FOMENTO DA CIÊNCIA
2691,DIVULGAÇÃO CIENTÍFICA PARA SERVIÇOS ESPECIALIZADOS DE APOIO AO DESENVOLVIMENTO DO AMAPÁ
2700,"OBRIGAÇÕES COM SERVIDORES CIVIS ATIVOS, INATIVOS E PENSIONISTAS DO PLANO FINANCEIRO"
2702,APOIAR O COMÉRCIO EXTERIOR
2705,REALIZAR O PAGAMENTO DE DESPESAS INDENIZATÓRIAS
2708,ATENDIMENTO PARA COMPENSAÇÃO DOS ATOS GRATUITOS 
2709,REALIZAR A POPULARIZAÇÃO DA CIÊNCIA
2712,REALIZAR ATENDIMENTO HUMANIZADO À CRIANÇAS E ADOLESCENTES
2713,REALIZAR ATENDIMENTO A PESSOA IDOSA DO ESTADO DO AMAPÁ
2716,OPERACIONALIZAR OS SERVIÇOS DA PCA
2717,APOIAR A REALIZAÇÃO DE PESQUISA PARA O DESENVOLVIMENTO CIENTÍFICO PESQUEIRO E AQUÍCOLA
2721,APOIAR A COMERCIALIZAÇÃO DO PESCADO
2723,MANUTENÇÃO ADMINISTRATIVA - ARSAP
2724,REALIZAR A EXTENSÃO PESQUEIRA E AQUÍCOLA
2725,ESTRUTURAÇÃO DA ARSAP
2726,APOIAR A INDUSTRIALIZAÇÃO PESQUEIRA E AQUÍCOLA
2729,EXECUÇÃO DA AGENDA OFICIAL DO GABGOV
2732,APOIAR PROJETOS PARA À PRODUÇÃO CIENTÍFICA
2733,REALIZAR INICIATIVAS PARA A OPORTUNIZAÇÃO DE ESTÁGIO REMUNERADO
2734,REALIZAR A DIVULGAÇÃO DE PESQUISAS CIENTÍFICAS AMBIENTAIS DO IEPA
2735,REALIZAR A MODERNIZAÇÃO DA UEAP
2736,APOIAR A INFRAESTRUTURA CIENTÍFICA
2737,"REALIZAR A POPULARIZAÇÃO DA CIÊNCIA, TECNOLOGIA E INOVAÇÃO"
2738,REALIZAR A QUALIFICAÇÃO CIENTÍFICA
2739,"REALIZAR O PAGAMENTO DE SALÁRIOS E ENCARGOS DE PESSOAL CIVIL, EMPREGADOS E OUTROS DA UEAP"
2740,REALIZAR A CONSOLIDAÇÃO DO ENSINO SUPERIOR DE GRADUAÇÃO
2741,REALIZAR A DIFUSÃO DO CONHECIMENTO CIENTÍFICO
2742,IMPLANTAR A EXTENSÃO UNIVERSITÁRIA DA UEAP
2744,REALIZAR PROCEDIMENTO LICITATÓRIO DAS COMPRAS DA ADMINISTRAÇÃO PÚBLICA DIRETA E INDIRETA DO GOVERNO
2745,MANUTENÇÃO DA RESIDÊNCIA OFICIAL
2746,APOIAR AOS ÓRGÃOS DO PODER EXECUTIVO ESTADUAL
2749,EXECUTAR A GESTÃO DESCENTRALIZADA DO PROGRAMA BOLSA FAMÍLIA E CADASTRO ÚNICO
2750,EXECUTAR O PROGRAMA DE FORTALECIMENTO EMERGENCIAL DO ATENDIMENTO DO CADASTRO UNICO NO SUAS - PROCAD SUAS
2754,EXECUTAR INICIATIVAS NO PROGRAMA LUZ PAGA CIDADÃ
2755,"EXECUTAR INICIATIVAS NO PROGRAMA ""CONTA ÁGUA PAGA"""
2756,EXECUTAR O PAGAMENTO DO ALUGUEL MORADIA SOCIAL
2758,APOIAR INICIATIVAS DO COMITÊ DO CONSÓRCIO INTERESTADUAL DA AMAZÔNIA LEGAL
2759,MANUTENÇÃO ADMINISTRATIVA - SEDIH
2760,REALIZAR INICIATIVAS PARA HABILITAR CONDUTORES DE BAIXA RENDA
2761,REALIZAR CARAVANAS DE DIREITOS HUMANOS NOS MUNICÍPIOS
2762,REALIZAR EVENTOS VOLTADOS AO FORTALECIMENTOS DOS DIREITOS HUMANOS
2763,REALIZAR O GEORREFERENCIAMENTO TERRITORIAL DO AMAPÁ
2764,APOIAR A GESTÃO FLORESTAL SUSTENTÁVEL
2765,PLANEJAMENTO E REGIONALIZAÇÃO DA SAÚDE
2766,IMPLANTAR A INDÚSTRIA DE PETRÓLEO E GÁS NO ESTADO DO AMAPÁ
2767,ACOMPANHAR A POLÍTICA ESTADUAL DE HABITAÇÃO
2768,REALIZAR A REGULARIZAÇÃO FUNDIÁRIA DE ÁREAS RURAIS DO ESTADO DO AMAPÁ
2769,REALIZAR A REGULARIZAÇÃO DE ASSENTAMENTOS E QUILOMBOLAS NO ESTADO DO AMAPÁ
2770,REALIZAR INICIATIVAS DE ARRECADAÇÃO DE ÁREAS PATRIMONIAIS DO ESTADO DO AMAPÁ
2771,REALIZAR A REGULARIZAÇÃO FUNDIÁRIA DE ÁREAS URBANAS DO ESTADO DO AMAPÁ
2772,REALIZAR A REGULAÇÃO DOS SERVIÇOS TURÍSTICOS DO ESTADO DO AMAPÁ
2774,MANUTENÇÃO ADMINISTRATIVA - CASA CIVIL
2775,MANTER A RESIDÊNCIA OFICIAL DO GEA
2776,MANUTENÇÃO DA EXECUÇÃO DA AGENDA OFICIAL DO GOVERNADOR
2777,"CAPACITAR EMPRESAS NO PROGRAMA ""DESENVOLVIMENTO E QUALIFICAÇÃO DE FORNECEDORES DO ESTADO DO AMAPÁ"""
2778,APOIAR ÓRGÃOS DO PODER EXECUTIVO ESTADUAL
2779,APOIAR EMPRESAS NO PROGRAMA MINHA PRIMEIRA EMPRESA
2780,MODERNIZAÇÃO DA GESTÃO DA SAÚDE
2782,REALIZAR O ATENDIMENTO AO CIDADÃO AMAPAENSE.
2783,REALIZAR INICIATIVAS PARA A EDUCAÇÃO DO CONSUMIDOR AMAPAENSE
2784,SEGURANÇA CIBERNÉTICA DA INFORMAÇÃO
2785,PROMOVER A QUALIDADE DE VIDA NO AMBIENTE DE TRABALHO
2786,REALIZAR A DEFESA DOS INTERESSES JURÍDICOS DO ESTADO EM BRASÍLIA
2787,"REALIZAR INICIATIVAS NA AÇÃO ""AMAPÁ JOVEM"""
2788,APOIAR O DESENVOLVIMENTO DO SETOR MINERAL
2789,FORMAÇÃO DOS SERVIDORES (AS) DA SOCIOEDUCAÇÃO
2790,REMUNERAÇÃO E ENCARGOS DOS (AS) SERVIDORES (AS) DO DETRAN/AP
2791,REMUNERAÇÃO E ENCARGOS DOS (AS) PROFISSIONAIS DA EDUCAÇÃO INFANTIL E SERVIDORES (AS) ADMINISTRATIVOS
2792,REMUNERAÇÃO DO SETOR DA SAÚDE -FES
2793,MANTER A GESTÃO DE PESSOAL DE APOIO TERCEIRIZADO VINCULADO AO SISTEMA ESTADUAL DE ENSINO
2794,CAPACITAR SERVIDORES (AS) DA AGÊNCIA AMAPÁ
2795,MANUTENÇÃO ADMINISTRATIVA - SEBEA
2798,MANUTENÇÃO ADMINISTRATIVA - FES/SESA
2799,MANUTENÇÃO ADMINISTRATIVA - FES/HEMOAP
2800,MANUTENÇÃO ADMINISTRATIVA - SEINF
2804,MANUTENÇÃO ADMINISTRATIVA - SEPI
2806,APOIAR EVENTOS PARA A INCLUSÃO DA POPULAÇÃO INDÍGENA
2807,MANUTENÇÃO ADMINISTRATIVA - FES/SVS
2808,APOIAR A PECUARIA BOVINA E BUBALINA NO ESTADO DO AMAPÁ
2809,MANUTENÇÃO ADMINISTRATIVA - FES/CREAP
2812,APOIAR O PROJETO AMAPÁ CACAU
2813,MANUTENÇÃO ADMINISTRATIVA - SEAS
2814,EXECUTAR INICIATIVAS DA TECNOLOGIA DA INFORMAÇÃO E COMUNICAÇÃO
2815,MANUTENÇÃO DOS SERVIÇOS ADMINISTRATIVOS - GDEC
2816,OPERACIONALIZAÇÃO DA GDEC EM GESTÃO DE DESASTRE
2817,OPERACIONALIZAÇÃO DA GDEC EM GESTÃO DE RISCO
9000,RESERVA TÉCNICA
9999,RESERVA DE CONTINGÊNCIA
